<built-in function id>,黑暗之女
<built-in function id>,狂战士
<built-in function id>,正义巨像
<built-in function id>,卡牌大师
<built-in function id>,德邦总管
<built-in function id>,无畏战车
<built-in function id>,诡术妖姬
<built-in function id>,猩红收割者
<built-in function id>,远古恐惧
<built-in function id>,正义天使
<built-in function id>,无极剑圣
<built-in function id>,牛头酋长
<built-in function id>,符文法师
<built-in function id>,亡灵战神
<built-in function id>,战争女神
<built-in function id>,众星之子
<built-in function id>,迅捷斥候
<built-in function id>,麦林炮手
<built-in function id>,祖安怒兽
<built-in function id>,雪原双子
<built-in function id>,赏金猎人
<built-in function id>,寒冰射手
<built-in function id>,蛮族之王
<built-in function id>,武器大师
<built-in function id>,堕落天使
<built-in function id>,时光守护者
<built-in function id>,炼金术士
<built-in function id>,痛苦之拥
<built-in function id>,瘟疫之源
<built-in function id>,死亡颂唱者
<built-in function id>,虚空恐惧
<built-in function id>,殇之木乃伊
<built-in function id>,披甲龙龟
<built-in function id>,冰晶凤凰
<built-in function id>,恶魔小丑
<built-in function id>,祖安狂人
<built-in function id>,琴瑟仙女
<built-in function id>,虚空行者
<built-in function id>,刀锋舞者
<built-in function id>,风暴之怒
<built-in function id>,海洋之灾
<built-in function id>,英勇投弹手
<built-in function id>,天启者
<built-in function id>,瓦洛兰之盾
<built-in function id>,邪恶小法师
<built-in function id>,巨魔之王
<built-in function id>,诺克萨斯统领
<built-in function id>,皮城女警
<built-in function id>,蒸汽机器人
<built-in function id>,熔岩巨兽
<built-in function id>,不祥之刃
<built-in function id>,永恒梦魇
<built-in function id>,扭曲树精
<built-in function id>,荒漠屠夫
<built-in function id>,德玛西亚皇子
<built-in function id>,蜘蛛女皇
<built-in function id>,发条魔灵
<built-in function id>,齐天大圣
<built-in function id>,复仇焰魂
<built-in function id>,盲僧
<built-in function id>,暗夜猎手
<built-in function id>,机械公敌
<built-in function id>,魔蛇之拥
<built-in function id>,水晶先锋
<built-in function id>,大发明家
<built-in function id>,沙漠死神
<built-in function id>,狂野女猎手
<built-in function id>,兽灵行者
<built-in function id>,圣锤之毅
<built-in function id>,酒桶
<built-in function id>,不屈之枪
<built-in function id>,探险家
<built-in function id>,铁铠冥魂
<built-in function id>,牧魂人
<built-in function id>,离群之刺
<built-in function id>,狂暴之心
<built-in function id>,德玛西亚之力
<built-in function id>,曙光女神
<built-in function id>,虚空先知
<built-in function id>,刀锋之影
<built-in function id>,放逐之刃
<built-in function id>,深渊巨口
<built-in function id>,暮光之眼
<built-in function id>,光辉女郎
<built-in function id>,远古巫灵
<built-in function id>,龙血武姬
<built-in function id>,九尾妖狐
<built-in function id>,法外狂徒
<built-in function id>,潮汐海灵
<built-in function id>,不灭狂雷
<built-in function id>,傲之追猎者
<built-in function id>,惩戒之箭
<built-in function id>,深海泰坦
<built-in function id>,机械先驱
<built-in function id>,北地之怒
<built-in function id>,无双剑姬
<built-in function id>,爆破鬼才
<built-in function id>,仙灵女巫
<built-in function id>,荣耀行刑官
<built-in function id>,战争之影
<built-in function id>,虚空掠夺者
<built-in function id>,诺克萨斯之手
<built-in function id>,未来守护者
<built-in function id>,冰霜女巫
<built-in function id>,皎月女神
<built-in function id>,德玛西亚之翼
<built-in function id>,暗黑元首
<built-in function id>,铸星龙王
<built-in function id>,影流之镰
<built-in function id>,暮光星灵
<built-in function id>,荆棘之兴
<built-in function id>,虚空之女
<built-in function id>,星籁歌姬
<built-in function id>,迷失之牙
<built-in function id>,生化魔人
<built-in function id>,疾风剑豪
<built-in function id>,虚空之眼
<built-in function id>,岩雀
<built-in function id>,青钢影
<built-in function id>,影哨
<built-in function id>,虚空女皇
<built-in function id>,弗雷尔卓德之心
<built-in function id>,戏命师
<built-in function id>,永猎双子
<built-in function id>,祖安花火
<built-in function id>,暴走萝莉
<built-in function id>,河流之王
<built-in function id>,破败之王
<built-in function id>,涤魂圣枪
<built-in function id>,圣枪游侠
<built-in function id>,影流之主
<built-in function id>,暴怒骑士
<built-in function id>,时间刺客
<built-in function id>,元素女皇
<built-in function id>,皮城执法官
<built-in function id>,暗裔剑魔
<built-in function id>,唤潮鲛姬
<built-in function id>,沙漠皇帝
<built-in function id>,魔法猫咪
<built-in function id>,沙漠玫瑰
<built-in function id>,魂锁典狱长
<built-in function id>,海兽祭司
<built-in function id>,虚空遁地兽
<built-in function id>,翠神
<built-in function id>,复仇之矛
<built-in function id>,星界游神
<built-in function id>,幻翎
<built-in function id>,逆羽
<built-in function id>,山隐之焰
<built-in function id>,解脱者
<built-in function id>,万花通灵
<built-in function id>,残月之肃
<built-in function id>,F铁少女
<built-in function id>,血港鬼影
<built-in function id>,愁云使者
<built-in function id>,封魔剑魂
<built-in function id>,腕豪
<built-in function id>,含羞蓓蕾
<built-in function id>,灵罗娃娃
<built-in function id>,炼金男爵
<built-in function id>,不羁之悦
